Segment,Start,End,NGS_read_count
HA,1010,1036,1
HA,1094,1554,2
HA,1113,1578,2
HA,1116,1349,1
HA,1118,1530,3
HA,128,1543,2
HA,146,1436,1
HA,1546,1583,1
HA,1578,1678,2
HA,171,1167,2
HA,176,1551,2
HA,180,223,1
HA,183,556,1
HA,191,793,1
HA,212,1619,2
HA,212,561,1
HA,228,1638,3
HA,231,1568,2
HA,237,1636,2
HA,245,1543,1
HA,263,520,2
HA,264,1597,2
HA,264,792,1
HA,267,539,1
HA,268,517,2
HA,269,519,2
HA,269,521,4
HA,287,1640,1
HA,288,1634,2
HA,289,833,2
HA,293,1583,2
HA,295,1589,1
HA,300,1613,3
HA,300,1619,1
HA,302,1510,7
HA,312,1479,1
HA,315,1625,1
HA,325,1513,4
HA,326,1613,2
HA,329,1515,2
HA,332,1525,2
HA,332,1633,1
HA,345,1485,1
HA,346,1642,1
HA,355,1336,1
HA,367,1534,2
HA,369,1511,2
HA,369,1532,2
HA,370,1561,2
HA,371,1494,1
HA,372,562,1
HA,374,1510,1
HA,377,1465,2
HA,386,1560,1
HA,394,1434,1
HA,398,1507,1
HA,399,1422,1
HA,403,1512,2
HA,410,1560,2
HA,415,1474,1
HA,426,1557,1
HA,426,1572,2
HA,435,1545,1
HA,436,1425,3
HA,440,1497,2
HA,450,1490,3
HA,460,1462,1
HA,471,1575,2
HA,484,1575,2
HA,484,1619,2
HA,488,1441,5
HA,488,658,2
HA,489,531,2
HA,513,1632,2
HA,517,919,2
HA,523,1334,1
HA,539,1423,1
HA,545,1312,1
HA,572,753,2
HA,576,1515,2
HA,612,741,1
HA,622,1363,2
HA,643,1160,3
HA,653,1225,1
HA,657,759,2
HA,670,1100,1
HA,674,748,1
HA,686,972,2
HA,687,1382,3
HA,697,1327,1
HA,710,975,3
HA,721,1263,2
HA,726,1268,4
HA,743,1103,2
HA,750,1077,14
HA,752,1265,1
HA,756,1079,1
HA,758,1519,2
HA,762,972,8
HA,764,1383,1
HA,775,1076,2
HA,779,1121,1
HA,780,1105,2
HA,788,1325,1
HA,795,988,1
HA,810,1067,1
HA,819,1076,1
HA,820,1052,1
HA,821,1170,2
HA,821,1421,2
HA,823,1171,1
HA,828,1239,2
HA,834,950,1
HA,859,1125,1
HA,877,914,1
HA,881,1073,1
HA,882,922,2
HA,890,1008,1
HA,906,1093,2
HA,916,1162,1
HA,926,970,1
HA,944,969,1
HA,952,1058,2
M,109,405,1
M,120,479,2
M,145,286,1
M,184,495,2
M,188,390,6
M,188,634,2
M,194,396,110
M,194,836,2
M,195,327,2
M,200,705,1
M,201,394,29
M,205,391,2
M,208,396,1
M,214,811,2
M,216,396,21
M,216,816,1
M,218,391,2
M,228,760,2
M,230,409,1
M,233,830,2
M,252,970,2
M,268,640,3
M,282,746,2
M,285,646,2
M,287,646,1
M,290,719,2
M,290,885,2
M,291,382,1
M,292,661,1
M,305,392,1
M,308,758,2
M,334,684,2
M,334,773,1
M,336,576,1
M,362,402,1
M,369,663,1
M,373,434,2
M,375,517,9
M,375,671,2
M,391,649,2
M,396,439,13
M,396,627,2
M,406,659,2
M,409,659,4
M,412,583,1
M,413,659,1
M,425,522,1
M,425,645,1
M,426,643,8
M,426,658,3
M,429,654,1
M,431,663,3
M,433,637,1
M,434,659,76
M,437,644,2
M,441,643,2
M,452,576,1
M,466,884,1
M,468,642,2
M,487,536,2
M,496,540,2
M,515,618,1
M,557,735,1
M,566,653,1
M,569,631,1
M,592,625,10
M,593,629,12
M,599,625,3
M,600,655,2
M,613,654,1
M,662,699,2
M,705,727,2
M,744,771,2
M,99,134,2
NA,1004,1041,1
NA,1014,1077,1
NA,1015,1133,2
NA,1026,1066,1
NA,1028,1064,1
NA,1035,1095,1
NA,1036,1098,1
NA,103,236,1
NA,1060,1096,2
NA,1092,1175,2
NA,1108,1154,2
NA,1109,1277,1
NA,1121,1378,1
NA,115,1325,2
NA,1202,1302,1
NA,1229,1336,10
NA,1250,1305,2
NA,125,163,1
NA,1268,1323,1
NA,126,1213,2
NA,126,692,2
NA,1296,1327,1
NA,1296,1350,2
NA,129,922,1
NA,131,1017,2
NA,134,1371,1
NA,134,842,1
NA,137,1072,2
NA,141,1260,2
NA,143,1300,2
NA,146,1192,2
NA,147,621,1
NA,150,1074,2
NA,150,1077,2
NA,150,984,1
NA,151,625,80
NA,158,202,1
NA,165,1310,5
NA,168,328,2
NA,169,1318,1
NA,171,1070,2
NA,171,1231,22
NA,171,1264,2
NA,171,1308,2
NA,172,1078,1
NA,172,1095,1
NA,172,1151,2
NA,172,1309,758
NA,173,692,6
NA,175,1323,3
NA,179,1293,1
NA,180,1040,1
NA,180,1337,11
NA,184,1274,84
NA,186,1345,1
NA,187,214,2
NA,188,1257,1
NA,188,1336,7
NA,188,309,2
NA,189,1031,2
NA,189,1226,21
NA,189,404,2
NA,192,1326,1
NA,192,1334,2
NA,192,1349,2
NA,194,1130,2
NA,195,1257,30
NA,198,380,2
NA,200,1326,3
NA,201,1139,2
NA,202,1122,2
NA,202,1258,2
NA,204,1257,2
NA,204,253,1
NA,213,1335,5
NA,213,308,1
NA,216,1262,8
NA,221,1238,1
NA,223,459,1
NA,232,1219,2
NA,232,1280,2
NA,232,1297,4
NA,232,657,2
NA,233,1259,2
NA,234,1100,1
NA,234,1269,4
NA,235,1090,3
NA,235,1173,2
NA,235,1324,2
NA,235,1332,4
NA,243,904,1
NA,246,1168,1
NA,247,1221,2
NA,247,1249,2
NA,248,1159,3
NA,254,1023,2
NA,254,1326,2
NA,257,1207,2
NA,257,443,2
NA,260,437,2
NA,262,1220,1
NA,264,1145,2
NA,272,1037,2
NA,272,562,2
NA,273,1063,1
NA,274,1194,2
NA,274,1308,2
NA,274,1340,1
NA,275,1186,2
NA,276,1227,2
NA,277,1172,2
NA,282,734,2
NA,288,1197,3
NA,289,1123,2
NA,289,642,3
NA,290,1144,2
NA,290,1190,2
NA,290,1211,2
NA,291,1197,1
NA,291,332,2
NA,291,981,2
NA,296,639,2
NA,297,564,3
NA,299,1127,1
NA,299,347,1
NA,302,534,1
NA,303,698,2
NA,304,1232,2
NA,306,1190,2
NA,307,1194,2
NA,308,1163,2
NA,309,1195,1
NA,310,1176,2
NA,311,1217,2
NA,314,1258,2
NA,316,1192,1
NA,317,555,2
NA,322,1194,2
NA,322,794,3
NA,324,1196,2
NA,324,670,2
NA,326,1207,2
NA,327,1208,2
NA,327,770,2
NA,331,1198,4
NA,332,1212,2
NA,333,1145,1
NA,334,1161,2
NA,335,1222,2
NA,335,1229,1
NA,336,1205,53
NA,342,604,1
NA,343,1185,1
NA,345,939,2
NA,346,1259,2
NA,348,373,2
NA,348,530,1
NA,352,1130,1
NA,353,1249,2
NA,364,388,2
NA,364,500,4
NA,375,867,1
NA,378,1017,2
NA,378,1038,1
NA,380,1077,1
NA,380,554,1
NA,386,1038,1
NA,386,1074,1
NA,386,1230,2
NA,386,1290,2
NA,388,1079,1
NA,390,1192,1
NA,394,478,1
NA,398,794,1
NA,401,447,2
NA,402,1043,1
NA,402,1045,2
NA,403,1339,1
NA,411,1006,2
NA,413,775,2
NA,414,1286,1
NA,416,1077,1
NA,416,1079,1
NA,421,1070,2
NA,421,1126,2
NA,423,1084,2
NA,430,513,1
NA,432,886,1
NA,436,1034,2
NA,436,1077,1
NA,436,1096,2
NA,437,987,2
NA,439,791,1
NA,441,487,2
NA,442,553,2
NA,448,932,1
NA,449,1007,2
NA,449,959,2
NA,451,1076,1
NA,451,913,1
NA,456,1037,1
NA,456,1082,1
NA,458,1098,1
NA,458,831,2
NA,459,985,1
NA,466,1326,1
NA,468,1021,2
NA,468,1023,2
NA,468,1091,2
NA,468,1092,2
NA,468,1094,66
NA,468,1098,1
NA,470,1060,2
NA,473,1161,2
NA,474,938,2
NA,474,986,2
NA,476,1046,1
NA,477,1044,2
NA,482,1095,1
NA,486,952,1
NA,491,1041,1
NA,491,872,1
NA,492,1178,2
NA,493,1024,2
NA,493,978,2
NA,500,1021,2
NA,500,1041,1
NA,502,1052,2
NA,502,1130,1
NA,504,1029,2
NA,510,1055,2
NA,510,808,1
NA,511,1068,1
NA,511,1074,2
NA,511,1104,2
NA,511,895,1
NA,512,582,2
NA,512,934,1
NA,512,935,1
NA,513,1042,2
NA,513,1077,1
NA,516,1177,1
NA,519,1112,2
NA,519,852,2
NA,521,932,1
NA,524,892,1
NA,526,1039,1
NA,532,1044,2
NA,533,790,1
NA,542,1015,2
NA,548,1111,5
NA,562,1094,1
NA,562,858,1
NA,563,935,1
NA,567,1136,1
NA,586,1184,1
NA,602,1187,1
NA,605,1190,95
NA,607,633,1
NA,608,1059,2
NA,614,907,1
NA,614,935,1
NA,617,673,1
NA,626,746,2
NA,62,1195,2
NA,631,746,2
NA,644,668,1
NA,653,1209,1
NA,669,918,1
NA,673,927,2
NA,676,931,1
NA,685,882,1
NA,687,722,1
NA,688,890,1
NA,700,853,1
NA,716,767,1
NA,717,747,2
NA,720,848,2
NA,721,797,2
NA,724,1336,2
NA,731,1074,6
NA,731,1176,1
NA,734,1116,1
NA,742,800,1
NA,748,1039,1
NA,748,1166,2
NA,758,794,2
NA,768,826,1
NA,769,919,1
NA,771,823,1
NA,777,887,1
NA,789,1091,2
NA,792,855,2
NA,806,1325,47
NA,80,1200,2
NA,825,866,2
NA,842,1109,2
NA,843,889,1
NA,879,1020,4
NA,87,819,2
NA,880,990,1
NA,881,1060,2
NA,887,1065,2
NA,88,989,2
NA,911,1115,2
NA,925,1035,3
NA,927,1009,6
NA,92,236,2
NA,937,1011,2
NA,946,985,1
NA,964,992,1
NA,965,988,2
NA,982,1015,2
NP,1025,1054,2
NP,1059,1196,1
NP,1108,1164,2
NP,1109,1167,1
NP,1117,1161,1
NP,1149,1237,2
NP,1197,1407,1
NP,1198,1239,1
NP,120,1059,1
NP,122,913,1
NP,1244,1286,1
NP,127,745,2
NP,1288,1429,1
NP,1312,1350,1
NP,140,741,1
NP,148,738,1
NP,153,1127,2
NP,153,739,5
NP,158,1036,2
NP,158,952,1
NP,161,507,1
NP,161,762,1
NP,165,1289,1
NP,174,1441,1
NP,180,1221,1
NP,181,1115,2
NP,182,1125,2
NP,185,721,1
NP,186,551,2
NP,187,1153,2
NP,187,1404,4
NP,188,1428,2
NP,188,1485,2
NP,189,301,2
NP,190,1403,2
NP,191,1411,2
NP,194,275,1
NP,197,1403,1
NP,201,1446,2
NP,202,1414,231
NP,203,1403,8
NP,205,1368,1
NP,205,1396,6
NP,205,1409,15
NP,207,264,2
NP,210,1403,2
NP,210,291,2
NP,212,1414,1
NP,222,298,2
NP,223,250,2
NP,223,384,1
NP,224,1053,2
NP,224,1425,9
NP,224,1432,2
NP,225,1404,9
NP,225,292,2
NP,227,1429,2
NP,230,840,2
NP,231,1402,2
NP,231,260,1
NP,232,1390,1
NP,233,368,2
NP,239,1131,1
NP,241,1345,2
NP,241,481,2
NP,242,300,1
NP,246,1300,1
NP,246,1395,2
NP,246,1404,2
NP,246,1431,2
NP,248,1334,2
NP,248,1432,2
NP,259,1395,1
NP,261,1431,8
NP,262,1420,1
NP,264,1390,2
NP,266,1380,1
NP,267,1288,2
NP,267,837,1
NP,269,1207,1
NP,270,1368,2
NP,272,1370,2
NP,274,1403,2
NP,276,883,2
NP,280,1402,2
NP,280,1438,2
NP,283,1387,1
NP,289,1310,2
NP,290,320,2
NP,291,1360,14
NP,292,1287,2
NP,292,1405,2
NP,297,1051,2
NP,305,1367,2
NP,307,1326,2
NP,307,393,2
NP,317,1294,2
NP,318,1394,2
NP,321,1253,1
NP,323,1314,2
NP,324,1089,2
NP,328,1079,9
NP,329,1370,1
NP,330,1081,1
NP,330,1368,26
NP,330,433,2
NP,332,1310,2
NP,332,1370,1
NP,334,1100,1
NP,334,1304,1
NP,335,1011,1
NP,335,1304,1
NP,335,1380,2
NP,336,1104,1
NP,336,1316,2
NP,340,911,10
NP,343,1075,2
NP,344,911,1
NP,345,1310,3
NP,345,410,2
NP,345,903,1
NP,351,1041,5
NP,358,1191,2
NP,358,996,1
NP,359,400,1
NP,368,1327,1
NP,369,1236,2
NP,374,1216,2
NP,374,1289,1
NP,378,1205,2
NP,378,1288,1
NP,378,722,2
NP,378,883,5
NP,379,725,13
NP,380,1108,1
NP,380,1130,2
NP,380,1225,1
NP,380,1313,2
NP,383,1197,1
NP,388,1164,1
NP,390,423,2
NP,396,1234,1
NP,399,425,1
NP,401,1214,1
NP,405,1210,2
NP,405,1217,4
NP,405,507,1
NP,406,1151,2
NP,409,1212,2
NP,409,649,1
NP,409,939,1
NP,410,890,2
NP,417,467,1
NP,418,1143,2
NP,419,1092,2
NP,421,1142,1
NP,423,1090,13
NP,425,1197,5
NP,429,1187,2
NP,429,761,1
NP,42,441,1
NP,433,833,3
NP,434,1016,2
NP,438,1061,2
NP,440,1117,2
NP,445,510,2
NP,452,556,1
NP,459,1146,1
NP,459,1163,1
NP,47,1048,1
NP,481,1212,2
NP,485,1112,1
NP,492,1135,2
NP,500,1097,1
NP,503,1140,2
NP,505,1024,3
NP,505,1260,2
NP,506,1177,1
NP,508,1081,1
NP,508,1168,1
NP,510,1097,3
NP,513,1022,2
NP,514,1121,1
NP,516,1143,8
NP,518,1109,1
NP,520,1159,2
NP,526,1103,2
NP,532,1116,1
NP,536,1120,1
NP,538,636,2
NP,540,1101,3
NP,541,1115,1
NP,548,1121,1
NP,548,1234,1
NP,548,1293,1
NP,564,725,1
NP,566,1263,2
NP,568,1123,1
NP,569,600,2
NP,579,1119,2
NP,583,828,2
NP,583,939,1
NP,585,1049,1
NP,585,939,2
NP,590,801,2
NP,597,830,1
NP,610,1005,1
NP,610,1074,2
NP,613,767,1
NP,617,988,2
NP,636,1151,1
NP,636,1234,1
NP,638,840,1
NP,644,793,1
NP,661,807,1
NP,669,730,1
NP,679,890,2
NP,707,743,1
NP,709,915,2
NP,715,814,1
NP,720,846,1
NP,721,954,2
NP,723,792,4
NP,728,875,2
NP,729,879,1
NP,730,974,2
NP,735,872,1
NP,740,940,1
NP,753,986,2
NP,755,1200,3
NP,756,1126,2
NP,769,939,1
NP,770,1131,2
NP,780,1120,2
NP,797,896,1
NP,798,837,1
NP,803,892,1
NP,805,1046,1
NP,805,1087,2
NP,806,856,1
NP,807,984,1
NP,814,962,6
NP,82,1118,2
NP,837,1179,1
NP,83,325,11
NP,841,906,1
NP,865,1027,1
NP,866,913,1
NP,883,1041,2
NP,884,940,1
NP,891,1049,4
NP,892,939,1
NP,893,1205,2
NP,895,939,2
NP,904,941,1
NP,909,1203,2
NP,910,949,1
NP,914,1044,12
NP,915,944,1
NP,916,1116,2
NP,937,1093,1
NP,938,1165,1
NP,938,996,1
NP,939,1005,1
NP,939,1030,1
NP,950,1047,1
NP,951,1065,2
NP,952,1090,1
NP,952,1115,1
NP,956,1088,2
NP,983,1019,1
NP,990,1031,1
NP,99,915,1
NS,116,164,1
NS,183,749,2
NS,188,617,1
NS,195,529,2
NS,195,685,2
NS,199,703,2
NS,212,596,1
NS,230,701,2
NS,230,718,1
NS,246,537,3
NS,249,434,2
NS,250,637,2
NS,278,312,2
NS,282,713,2
NS,283,683,2
NS,292,731,2
NS,300,536,2
NS,309,513,4
NS,310,782,2
NS,317,735,2
NS,318,609,1
NS,333,397,1
NS,342,633,2
NS,347,574,2
NS,351,409,1
NS,356,648,1
NS,365,838,1
NS,421,447,1
NS,452,504,2
NS,499,781,2
NS,555,600,2
NS,557,631,5
NS,590,657,2
NS,613,649,1
NS,680,703,2
NS,699,731,7
PA,1000,2037,1
PA,1002,1929,2
PA,100,1987,2
PA,1014,1677,2
PA,1021,1256,1
PA,1028,1061,1
PA,102,2051,2
PA,1045,1600,5
PA,1049,1738,1
PA,104,570,3
PA,1056,1606,1
PA,1068,1441,4
PA,106,2067,10
PA,1074,1407,5
PA,108,177,1
PA,1113,1300,2
PA,1116,1153,1
PA,1119,1636,2
PA,111,1945,2
PA,1130,1338,1
PA,1132,1720,2
PA,1135,1224,1
PA,113,176,3
PA,1153,1240,1
PA,1153,1802,1
PA,1159,1711,2
PA,1160,1335,1
PA,1168,1610,1
PA,1172,1948,1
PA,1174,1216,1
PA,117,179,11
PA,117,2022,3
PA,1196,1607,2
PA,1206,1267,1
PA,1221,1302,2
PA,1223,2146,9
PA,1227,1836,1
PA,1235,1421,1
PA,1236,1783,1
PA,123,1890,1
PA,124,471,3
PA,1259,1835,4
PA,125,1687,2
PA,1264,1398,4
PA,127,768,2
PA,129,1881,2
PA,133,461,4
PA,1341,1453,1
PA,136,2012,2
PA,139,2064,2
PA,139,326,1
PA,142,1337,3
PA,1430,1598,1
PA,1443,1568,2
PA,1444,1475,1
PA,1447,1664,1
PA,1451,1669,2
PA,145,465,1
PA,1472,1526,1
PA,1479,1576,2
PA,148,1585,3
PA,148,1589,4
PA,152,2030,2
PA,1533,1597,1
PA,1533,1609,1
PA,158,324,2
PA,159,1973,10
PA,160,2041,2
PA,160,243,5
PA,1615,1646,1
PA,161,2041,2
PA,1624,1658,2
PA,162,1857,1
PA,162,2026,2
PA,163,2050,1
PA,163,2089,2
PA,1660,1697,1
PA,166,2117,1
PA,166,688,2
PA,167,2033,2
PA,1686,1959,1
PA,171,1587,2
PA,172,2065,2
PA,172,2074,8
PA,1753,2135,1
PA,175,1986,2
PA,175,202,2
PA,175,2051,2
PA,1785,1855,1
PA,178,2073,1
PA,178,2148,11
PA,1793,1874,1
PA,1798,1865,1
PA,179,1953,2
PA,1802,1928,8
PA,180,2007,8
PA,180,2115,2
PA,1818,1872,2
PA,1818,2072,5
PA,181,2105,2
PA,1822,2023,2
PA,182,1990,2
PA,1861,1986,2
PA,1867,2151,2
PA,187,1801,1
PA,187,1961,2
PA,1881,1922,2
PA,188,2002,1
PA,1899,2052,2
PA,1916,2040,2
PA,1918,1944,6
PA,1919,1978,5
PA,1919,2069,2
PA,1930,2109,2
PA,193,2000,14
PA,193,2091,1
PA,193,2133,2
PA,194,1954,6
PA,194,2071,2
PA,195,1932,2
PA,195,1937,7
PA,195,1986,2
PA,195,2105,1
PA,1969,2045,2
PA,196,2018,1
PA,196,2104,6
PA,1970,2048,2
PA,1974,2026,2
PA,1992,2103,1
PA,1994,2020,12
PA,2019,2068,3
PA,2021,2115,2
PA,203,2134,2
PA,2040,2147,3
PA,204,2053,2
PA,208,1946,2
PA,208,2056,2
PA,209,1978,2
PA,209,2054,2
PA,209,2075,1
PA,209,2083,2
PA,209,2141,3
PA,209,2164,2
PA,210,2023,2
PA,210,2059,2
PA,210,2116,2
PA,210,2134,2
PA,2114,2140,2
PA,211,1935,1
PA,211,1987,2
PA,211,472,1
PA,212,1981,2
PA,212,1999,1
PA,212,2024,7
PA,212,2041,2
PA,2135,2169,1
PA,213,2049,2
PA,215,2054,2
PA,216,2096,2
PA,218,1865,4
PA,218,2068,2
PA,219,1723,1
PA,221,1931,2
PA,221,2018,1
PA,221,2056,2
PA,221,2068,5
PA,221,2072,2
PA,221,2091,1
PA,221,2105,2
PA,221,2108,2
PA,221,2114,2
PA,221,693,1
PA,222,2090,3
PA,222,2105,3
PA,223,2022,4
PA,223,2031,2
PA,223,2075,2
PA,223,696,1
PA,224,1876,1
PA,224,1882,3
PA,224,1953,2
PA,224,1977,12
PA,224,2055,1
PA,224,2097,2
PA,224,2114,140
PA,224,696,1320
PA,225,2000,2
PA,225,2115,1
PA,226,2086,4
PA,226,2106,2
PA,226,2107,2
PA,228,1996,2
PA,228,2021,2
PA,228,2074,2
PA,229,2023,2
PA,229,2037,2
PA,229,2063,4
PA,230,1985,1
PA,230,2086,7
PA,232,1951,1
PA,232,2106,2
PA,233,1993,1
PA,233,2037,2
PA,233,2083,2
PA,233,608,1
PA,234,1915,7
PA,234,2103,2
PA,234,2112,2
PA,234,2117,2
PA,234,2141,2
PA,235,2033,2
PA,235,2051,2
PA,235,2054,4
PA,235,2072,5
PA,235,2080,1
PA,235,2089,12
PA,235,2091,11
PA,236,1952,1
PA,236,1955,2
PA,236,1993,1
PA,236,2033,1
PA,236,2036,2
PA,236,2054,3
PA,236,2069,18
PA,236,2091,3
PA,237,1999,1
PA,237,2007,2
PA,237,2017,44
PA,237,2051,7
PA,237,2061,6
PA,237,2091,6498
PA,238,1917,1
PA,238,1972,2
PA,238,1973,2
PA,238,2012,5
PA,238,2014,2
PA,238,2060,2
PA,238,2073,2
PA,239,1933,1
PA,239,2051,26
PA,239,2093,3
PA,240,1971,2
PA,240,2140,2
PA,241,1988,40
PA,241,2089,2
PA,241,288,1
PA,242,1934,8
PA,242,1994,2
PA,242,1999,2286
PA,242,2025,2
PA,242,2068,66
PA,243,1971,4
PA,243,2000,2
PA,243,2056,2
PA,244,2097,79
PA,245,1966,2
PA,245,2001,1
PA,245,2031,1
PA,245,2041,7
PA,245,2064,17
PA,245,2087,2
PA,245,2089,2
PA,246,1348,2
PA,246,1983,2
PA,246,1984,18
PA,246,1998,2
PA,246,2083,4
PA,246,2114,2
PA,247,1792,294
PA,247,2032,2
PA,248,2073,1
PA,248,2091,3
PA,249,1966,2
PA,249,2047,2
PA,249,2140,2
PA,250,2072,2
PA,250,2095,1
PA,251,1948,2
PA,251,1977,1
PA,251,1996,2
PA,251,2006,4
PA,251,2025,1
PA,251,2077,2
PA,251,2092,2
PA,251,2095,2
PA,251,2144,18
PA,252,1989,1
PA,252,2000,2
PA,252,2035,2
PA,252,2044,2
PA,252,2061,10
PA,252,2104,1
PA,253,1871,11
PA,253,1990,12
PA,253,2012,2
PA,253,2047,1
PA,253,2062,2328
PA,254,1935,3
PA,254,2029,2
PA,254,2063,10
PA,255,1963,2
PA,255,2062,6
PA,255,2089,2
PA,256,1896,2
PA,256,2016,7
PA,256,2032,2
PA,256,2058,14
PA,257,1938,6
PA,257,1941,215
PA,257,1979,14
PA,257,2045,9
PA,257,2047,2
PA,257,2080,2
PA,257,2123,1
PA,257,312,2
PA,258,2052,153
PA,258,2054,3
PA,258,2072,2
PA,259,1924,2
PA,259,1944,2
PA,259,2012,2
PA,259,2043,2
PA,259,2143,51
PA,260,1928,2
PA,260,2032,1
PA,260,302,1
PA,261,2001,2
PA,261,2031,22
PA,261,2043,1
PA,262,2039,2
PA,262,2098,30
PA,263,1990,2
PA,263,2024,291
PA,263,2027,2
PA,263,2075,2
PA,263,2091,2
PA,264,1944,2
PA,264,1972,2
PA,264,2035,6
PA,265,1875,1
PA,265,1997,2
PA,265,2030,2
PA,265,2032,2
PA,265,2050,2
PA,265,2052,1
PA,265,2053,3
PA,265,2058,5
PA,265,2059,2
PA,265,2095,2
PA,265,2107,2
PA,266,2016,2
PA,266,2052,60
PA,266,2064,2
PA,266,2070,1
PA,267,1977,2
PA,267,2053,1
PA,268,1961,3
PA,268,1965,2
PA,268,2003,3
PA,268,2015,1
PA,268,2027,2
PA,269,2065,1
PA,269,2073,59
PA,269,2090,2
PA,270,1990,1
PA,270,2038,2
PA,272,2042,2
PA,273,2037,1
PA,273,308,2
PA,274,2013,1
PA,275,2054,2
PA,275,2123,1
PA,276,1920,2
PA,276,1978,4
PA,276,1997,2
PA,276,2049,41
PA,277,2036,2
PA,277,2070,2
PA,278,1977,2
PA,278,1996,1
PA,278,2005,1
PA,278,2049,2
PA,278,2090,2
PA,278,2117,1
PA,279,1905,1
PA,279,2020,3
PA,281,2095,2
PA,281,2100,5
PA,282,1938,2
PA,282,1981,3
PA,282,2026,2
PA,282,2044,3
PA,282,2045,2
PA,282,2051,25
PA,282,2089,7
PA,283,2025,35
PA,283,2028,2
PA,283,2044,2
PA,283,2064,1
PA,283,2072,2
PA,284,1938,2
PA,284,1977,5
PA,284,1981,1
PA,284,1986,1
PA,284,2028,1087
PA,284,2050,2
PA,284,2074,2
PA,285,1843,1
PA,285,1953,86
PA,285,2052,24
PA,286,2022,2
PA,286,2048,12
PA,287,1964,5
PA,287,2064,1
PA,287,332,1
PA,288,2029,2
PA,289,2049,4
PA,289,2057,4
PA,289,2058,2
PA,289,354,1
PA,290,2031,2
PA,290,2041,4
PA,290,314,1
PA,291,1954,4
PA,291,2002,1
PA,291,2027,2
PA,291,2033,2
PA,291,2047,1
PA,291,2050,1002
PA,291,2117,1
PA,291,356,658
PA,292,1940,10
PA,292,2004,1
PA,292,2041,1
PA,292,2054,2
PA,292,2061,2
PA,292,357,1
PA,293,1893,2
PA,293,1983,2
PA,293,1998,172
PA,293,2026,2
PA,293,2029,1
PA,293,2046,1
PA,293,2071,2
PA,293,2074,3
PA,293,2161,5
PA,294,2013,1
PA,294,2032,1
PA,294,2052,17
PA,294,2101,2
PA,295,1998,2
PA,295,2007,2
PA,295,2064,1
PA,295,2090,1
PA,295,2106,8
PA,296,1897,2
PA,296,1984,3
PA,296,2022,2
PA,296,2032,2
PA,296,2040,2
PA,296,2052,1
PA,296,334,4
PA,297,1947,4
PA,297,1988,2
PA,297,2038,423
PA,297,2045,1
PA,297,2105,44
PA,297,326,2
PA,298,1964,11
PA,298,1977,2
PA,298,1986,334
PA,298,2039,1
PA,298,2055,2
PA,300,2014,5
PA,301,1962,2
PA,301,2004,1
PA,301,2011,1
PA,301,2043,2
PA,301,2096,2
PA,302,2044,557
PA,303,1894,1
PA,303,1987,1
PA,303,1990,1
PA,303,2053,8
PA,303,2065,2
PA,304,1876,4
PA,304,1977,2
PA,304,2034,2
PA,304,2116,5
PA,304,2120,982
PA,305,2121,1
PA,305,431,1
PA,306,1994,2
PA,306,2002,1
PA,307,1948,1
PA,307,2052,3
PA,307,2064,1
PA,307,434,2
PA,308,1995,3256
PA,308,2012,3
PA,308,2022,1
PA,308,2027,2
PA,308,434,1120
PA,309,1996,5
PA,309,2024,1
PA,309,2087,2
PA,309,435,1
PA,310,1971,2
PA,310,2111,3
PA,310,2119,1
PA,311,1866,2
PA,311,1963,4
PA,311,2029,2
PA,311,2041,2
PA,312,1963,4
PA,312,2033,3
PA,312,2060,1
PA,312,2128,1
PA,313,1815,1
PA,314,1986,1
PA,314,2074,1
PA,314,2092,2
PA,314,852,3
PA,315,1715,2
PA,315,1946,1
PA,315,1963,3
PA,315,2017,2
PA,315,2082,2
PA,315,2181,4
PA,316,1934,2
PA,316,1962,2
PA,316,2010,2
PA,316,2011,2
PA,316,2023,2
PA,317,1920,1
PA,317,1983,1
PA,317,1992,1
PA,317,2031,4
PA,317,2032,1
PA,318,1997,1
PA,318,2028,1
PA,318,2034,3
PA,318,2085,2
PA,318,2124,89
PA,319,2002,4
PA,319,2036,1
PA,319,2060,1
PA,320,1382,1
PA,320,1942,2
PA,320,1948,1
PA,320,1965,1
PA,320,1974,14
PA,320,1977,2
PA,320,1998,2
PA,320,1999,2
PA,320,2049,2
PA,320,2121,3
PA,321,1997,2
PA,321,2031,59
PA,325,1929,1
PA,326,1772,1
PA,326,1930,1
PA,328,1865,1
PA,328,2097,9
PA,329,1828,1
PA,329,1979,2
PA,329,2006,1
PA,329,2019,2
PA,329,2022,3
PA,330,2012,1021
PA,331,2013,1
PA,331,2085,74
PA,332,1938,2
PA,332,2037,1
PA,333,1958,1
PA,333,2028,1
PA,333,404,2
PA,334,1841,7
PA,334,1905,7
PA,334,1930,2
PA,334,1936,1
PA,334,1948,2
PA,334,1953,2
PA,334,1957,2
PA,334,1961,4
PA,334,1977,2
PA,334,1979,1
PA,334,1981,1
PA,334,1998,2
PA,334,2019,2
PA,334,2022,1
PA,334,2025,2
PA,334,2049,1
PA,334,2053,1
PA,334,2073,1
PA,335,1767,22
PA,335,1895,62
PA,335,2002,2
PA,335,2057,1
PA,340,1823,2
PA,340,2017,2
PA,342,1931,2
PA,343,1677,1
PA,343,1944,2
PA,346,1965,22
PA,347,1952,1
PA,347,1963,2
PA,348,1930,1
PA,348,2017,2
PA,348,2058,2
PA,349,1659,1
PA,349,1984,2
PA,349,2020,1
PA,349,2021,2
PA,349,2038,1
PA,350,1857,1
PA,350,1875,1
PA,350,1887,8
PA,350,1904,2
PA,350,1915,1
PA,350,1983,1
PA,350,1985,2
PA,350,1987,67
PA,350,2018,1
PA,350,2026,1
PA,350,2047,1
PA,351,1886,2
PA,351,1892,6
PA,351,1932,2
PA,351,1941,2
PA,351,2000,1
PA,351,2011,1
PA,351,2013,6
PA,351,2079,1
PA,352,1983,1
PA,352,2028,1
PA,352,2116,2
PA,353,1893,1
PA,353,1982,2
PA,353,1992,2
PA,353,2028,2
PA,354,1949,1
PA,354,2001,1
PA,355,1861,9
PA,355,1942,2
PA,355,2016,5
PA,356,1919,2
PA,356,1986,5
PA,356,1998,1
PA,356,2019,1
PA,356,2029,1
PA,356,2045,1
PA,357,2012,2
PA,358,1968,2
PA,358,1977,1
PA,359,442,5
PA,360,1927,11
PA,360,2025,42
PA,361,1927,1
PA,361,1963,2
PA,361,2036,1
PA,362,1671,2
PA,362,1882,1
PA,362,1933,1
PA,362,1937,2
PA,362,1948,1
PA,362,1964,16
PA,362,1970,12
PA,362,2028,4
PA,363,1827,1
PA,363,2008,1
PA,364,1861,1
PA,365,2011,4
PA,366,1990,1
PA,366,2028,1
PA,366,2044,1
PA,367,1885,2
PA,367,1933,4
PA,367,2059,2
PA,367,2147,2
PA,368,1972,2
PA,368,1973,7
PA,369,1894,2
PA,369,1938,1
PA,369,2075,11
PA,370,1944,2
PA,370,1981,2
PA,370,1999,5
PA,371,2002,1
PA,372,1878,2
PA,372,1944,2
PA,373,1908,2
PA,373,1987,1
PA,374,1922,1
PA,374,1942,2
PA,374,2096,2
PA,375,1955,4
PA,376,1044,2
PA,376,1880,1
PA,376,1882,2
PA,376,1993,1
PA,376,2002,1
PA,376,2011,2
PA,376,2039,2
PA,377,2006,2
PA,377,421,1
PA,378,1942,3
PA,378,1959,2
PA,378,1967,2
PA,378,2023,2
PA,379,1271,1
PA,379,1861,2
PA,379,2059,1
PA,382,1965,3
PA,382,1973,1
PA,382,2007,1
PA,382,2045,1
PA,382,498,2
PA,383,1855,1
PA,383,1893,1
PA,383,1994,1
PA,383,2032,2
PA,384,1953,2
PA,384,1961,2
PA,384,2007,1
PA,385,1932,1
PA,385,2050,1
PA,386,1959,34
PA,386,2021,2
PA,387,2009,2
PA,388,1893,3
PA,388,1929,4
PA,388,2050,2
PA,389,1869,2
PA,389,1920,1
PA,389,1933,3
PA,389,1939,2
PA,389,1960,1
PA,389,2051,1
PA,390,1842,1
PA,390,1896,1
PA,390,1903,1
PA,390,2013,6
PA,391,1879,1
PA,391,1927,1
PA,391,1928,2
PA,391,1931,1
PA,391,1965,1
PA,391,1966,23
PA,391,1986,2
PA,391,2014,2
PA,392,1959,2
PA,392,2066,1
PA,393,1150,1
PA,393,1828,1
PA,393,2024,2
PA,393,2034,3
PA,394,1947,3
PA,394,1983,3
PA,394,2014,2
PA,395,1883,6
PA,395,1931,2
PA,395,1958,2
PA,396,1895,1
PA,396,2032,1
PA,396,2041,2
PA,397,1842,3
PA,397,1852,2
PA,397,1938,1
PA,397,1944,6
PA,398,1714,1
PA,398,1791,1
PA,398,1997,1
PA,398,724,2
PA,400,1917,4
PA,401,478,1
PA,401,926,1
PA,403,694,1
PA,404,1147,2
PA,404,1875,12
PA,406,1872,1
PA,406,1917,1
PA,407,1818,2
PA,407,1852,1
PA,407,1873,1
PA,407,1945,4
PA,407,2106,3
PA,408,1874,1
PA,408,1935,2
PA,408,1957,27
PA,409,1873,2
PA,409,1941,1
PA,409,1983,1
PA,409,2011,1
PA,409,2020,2
PA,409,2070,2
PA,410,1841,2
PA,410,1955,44
PA,410,1974,1
PA,411,2001,2
PA,411,2008,2
PA,412,2053,2
PA,414,1980,1
PA,415,1889,12
PA,415,1945,2
PA,416,1942,2
PA,416,2053,2
PA,416,2060,1
PA,416,461,1
PA,418,1882,6
PA,418,1903,3
PA,419,924,1
PA,420,1729,1
PA,420,1905,2
PA,420,1936,1
PA,420,1984,14
PA,420,2000,2
PA,421,1856,1
PA,421,1908,2
PA,423,1807,2
PA,423,1944,1
PA,423,1999,1
PA,424,1823,8
PA,425,1825,2
PA,425,1843,1
PA,425,480,21
PA,426,1846,4
PA,426,1865,2
PA,426,1894,2
PA,426,2032,2
PA,426,2047,1
PA,427,1826,9047
PA,427,1828,2
PA,427,1921,2
PA,427,1922,1
PA,427,1954,1
PA,427,1979,2
PA,428,1034,2
PA,428,1827,6
PA,428,1920,3
PA,431,1849,3
PA,432,2009,2
PA,433,1910,2
PA,433,1998,2
PA,433,505,2
PA,434,1629,1
PA,434,1904,56
PA,434,1963,40
PA,436,1766,1
PA,436,1819,1
PA,436,1963,2
PA,437,1960,2
PA,437,2069,1
PA,437,512,1
PA,438,1933,2
PA,438,1994,2
PA,438,2045,1
PA,439,1761,1
PA,439,2002,1
PA,440,1820,1
PA,441,1888,1
PA,441,1933,2
PA,442,1781,2
PA,442,1942,23
PA,444,1770,1
PA,444,1895,2
PA,445,1895,15
PA,445,1928,1
PA,446,1955,2
PA,448,1684,1
PA,449,1938,2
PA,450,1876,1
PA,450,1885,31
PA,451,1801,1
PA,451,1955,2
PA,451,1973,2
PA,451,2017,1
PA,451,2064,2
PA,452,1878,1178
PA,452,1930,1
PA,452,1985,2
PA,452,2000,2
PA,453,1831,2
PA,453,1833,3
PA,453,1851,1
PA,453,1871,1
PA,453,1873,1
PA,453,1900,29
PA,453,1916,1
PA,453,2009,2
PA,453,2106,1
PA,454,1719,2
PA,454,1822,2
PA,454,1854,1
PA,454,1904,2
PA,454,1972,2
PA,454,2000,2
PA,455,1329,4
PA,455,1779,1
PA,456,1808,2
PA,456,1831,1
PA,456,2070,1
PA,460,1868,1
PA,460,1933,8
PA,462,1718,1
PA,462,1802,1
PA,462,1811,1
PA,462,1841,2
PA,462,1862,2
PA,462,1872,4
PA,463,1722,2
PA,463,1822,1
PA,463,1875,1
PA,467,1874,1
PA,468,1806,2
PA,469,1968,1
PA,470,1776,56
PA,470,1805,17
PA,470,1884,41
PA,470,1999,2
PA,471,1782,1
PA,471,1824,1
PA,471,1845,2
PA,471,1869,2
PA,472,1885,4
PA,473,1787,2
PA,473,1868,2
PA,473,1872,3
PA,473,1920,1
PA,473,1926,2
PA,474,1831,2
PA,475,1857,1
PA,476,1869,1
PA,476,1889,1115
PA,477,1265,2
PA,477,1880,1
PA,477,1890,2
PA,479,1919,488
PA,480,1874,5
PA,480,1976,2
PA,480,2054,2
PA,481,1894,1
PA,481,1942,1
PA,482,1879,1
PA,484,1852,2
PA,485,1670,1
PA,485,1894,2
PA,485,1945,1
PA,485,1966,6
PA,485,2005,6
PA,485,2062,2
PA,486,1746,2
PA,486,1846,1
PA,486,1860,1
PA,486,1927,1
PA,486,2047,2
PA,487,569,3
PA,488,1956,2
PA,488,2151,1
PA,489,1790,2
PA,490,1779,1
PA,491,1883,3
PA,491,1939,7
PA,493,1828,1
PA,494,1549,2
PA,494,1706,1
PA,494,1826,2
PA,494,1882,2
PA,494,1968,1
PA,494,1981,1
PA,494,1994,2
PA,495,1770,1
PA,495,1842,1
PA,495,1863,2
PA,495,1919,1
PA,496,1929,2
PA,496,2017,130
PA,497,1799,2
PA,497,1851,1
PA,497,1976,1
PA,497,1994,2
PA,498,1875,2
PA,503,1742,1
PA,504,1880,2
PA,505,1257,1
PA,507,1880,2
PA,508,1820,2
PA,509,1771,2
PA,509,1802,1
PA,509,1930,1
PA,511,1804,2
PA,511,1822,2
PA,511,1824,1
PA,511,1845,2
PA,511,1851,1
PA,511,1852,2
PA,511,1856,1
PA,511,1869,4
PA,511,1876,2
PA,512,1960,7
PA,514,576,1
PA,515,1834,2
PA,519,1627,1
PA,521,1606,3
PA,522,1812,8
PA,523,1726,9
PA,523,1790,2
PA,523,1932,1
PA,524,1868,3
PA,524,1870,1
PA,524,1873,1
PA,524,1917,2
PA,525,1759,3
PA,525,1791,1
PA,525,1843,2
PA,526,1677,1
PA,526,1726,2
PA,526,1801,2
PA,526,1803,2
PA,526,1825,2
PA,526,1874,1
PA,526,1876,3
PA,526,1878,1
PA,526,1880,1
PA,526,1967,1
PA,527,1706,2
PA,527,1772,4
PA,527,1841,26
PA,527,1978,2
PA,528,1463,2
PA,528,1883,1
PA,529,1772,2
PA,531,1705,2
PA,535,1790,1
PA,537,1705,5
PA,537,1717,16
PA,537,1731,1
PA,537,1789,1
PA,537,1870,1
PA,538,1719,18
PA,538,1777,1
PA,538,1797,1
PA,538,1823,13
PA,538,1877,1
PA,538,643,9
PA,539,1849,10
PA,53,1001,2
PA,53,146,1
PA,541,1943,1
PA,542,1733,1
PA,543,1666,4
PA,543,1779,2
PA,543,1802,6
PA,543,1817,2
PA,543,1824,1
PA,543,1829,2
PA,543,1872,2
PA,543,1882,3
PA,543,1932,3
PA,544,1693,2
PA,544,1731,1
PA,544,1759,2
PA,544,1761,1
PA,544,1771,6
PA,554,1678,3
PA,558,2137,44
PA,55,1949,2
PA,560,1547,2
PA,560,1826,1
PA,560,2026,2
PA,561,1953,4
PA,563,1764,1
PA,563,1826,2
PA,564,1830,2
PA,565,1841,1
PA,566,1726,4
PA,566,1894,1
PA,566,1933,2
PA,568,1152,2
PA,568,1772,16
PA,569,1883,1
PA,575,1159,5
PA,575,1772,3
PA,575,1926,13
PA,575,625,1
PA,577,1851,1
PA,579,1691,2
PA,580,2012,2
PA,581,1685,1
PA,582,2149,1
PA,583,1688,1
PA,583,1721,1
PA,583,1742,2
PA,583,1759,1
PA,584,1517,2
PA,586,1730,1
PA,586,1754,2
PA,586,1783,2
PA,586,1787,1
PA,587,1811,1
PA,589,1788,6
PA,590,1756,3
PA,590,1789,773
PA,591,1709,3
PA,591,1717,1
PA,592,1151,1
PA,592,1758,1197
PA,593,1884,4
PA,594,1717,1
PA,594,2143,1
PA,595,1192,1
PA,596,1768,1
PA,596,730,1
PA,597,1195,2
PA,598,1166,2
PA,598,1278,2
PA,599,1158,11
PA,59,1960,1
PA,600,1709,1
PA,600,1763,7
PA,600,1855,1
PA,601,1896,2
PA,603,1630,2
PA,604,1703,1
PA,604,1719,1
PA,605,1740,1
PA,607,1697,1
PA,610,1653,2
PA,610,1744,2
PA,613,1771,2
PA,613,1781,1
PA,614,1783,2
PA,614,1920,2
PA,615,1644,1
PA,615,1881,2
PA,616,1650,1
PA,618,2168,2
PA,619,1722,1
PA,619,1778,2
PA,620,1724,1
PA,621,1759,2
PA,622,1681,2
PA,623,1757,2
PA,624,1742,5
PA,624,1876,1
PA,624,1973,1
PA,625,1646,2
PA,627,1944,2
PA,628,1595,7
PA,628,1688,1
PA,632,1543,1
PA,632,1638,1
PA,632,1713,1
PA,632,1910,2
PA,633,1644,1
PA,634,1723,2
PA,634,1818,1
PA,636,1640,2
PA,63,1031,2
PA,641,1580,2
PA,642,1851,1
PA,643,1620,2
PA,644,1553,2
PA,646,1583,1
PA,647,1065,2
PA,649,1789,1
PA,650,1709,2
PA,651,1475,1
PA,651,1711,2
PA,651,1791,171
PA,651,694,1
PA,653,1792,1
PA,654,1633,1
PA,656,1664,1
PA,656,1680,3
PA,656,1726,2
PA,656,1826,1
PA,656,2151,6
PA,657,1649,1
PA,657,1699,2
PA,657,1704,13
PA,661,1027,1
PA,662,1649,2
PA,662,1721,1
PA,663,1722,1
PA,664,1707,2
PA,665,1724,2983
PA,665,1787,1
PA,666,1725,4
PA,667,1822,1
PA,667,2203,2
PA,668,1717,1
PA,669,753,1
PA,66,889,1
PA,670,1644,1
PA,670,1874,2
PA,675,1742,2
PA,676,1584,1
PA,677,1146,1
PA,677,1714,1
PA,678,1954,1
PA,679,709,2
PA,680,1652,2
PA,683,1681,2
PA,686,1686,1
PA,687,925,2
PA,689,1057,2
PA,68,143,3
PA,690,1022,6
PA,690,1131,5
PA,690,1624,1
PA,690,1686,1
PA,692,1650,2
PA,694,1058,2
PA,694,1571,2
PA,694,1782,2
PA,695,1778,1
PA,69,1170,1
PA,69,896,2
PA,700,1645,1
PA,701,1550,1
PA,701,1656,10
PA,702,1644,1
PA,702,1704,7
PA,703,991,2
PA,705,1869,1
PA,706,1825,1
PA,708,1583,1
PA,708,1675,2
PA,712,1552,2
PA,715,1564,1
PA,716,1599,1
PA,718,1537,2
PA,719,1630,2
PA,719,1742,4
PA,719,1877,2
PA,719,983,2
PA,723,1585,1
PA,727,1643,1
PA,734,1541,1
PA,736,1714,2
PA,738,1518,1
PA,740,1696,1
PA,741,882,2
PA,745,1542,1
PA,746,1574,1
PA,749,834,1
PA,750,1001,1
PA,752,1555,2
PA,752,1611,2
PA,753,1732,1
PA,755,1496,1
PA,755,1583,4
PA,755,1826,1
PA,758,1696,13
PA,758,1728,1
PA,75,1959,3
PA,760,1498,2
PA,761,1692,2
PA,763,1578,1
PA,763,1645,1
PA,771,2103,1
PA,772,1422,2
PA,774,1540,1
PA,777,1667,1
PA,781,1542,1
PA,781,1855,2
PA,782,849,2
PA,784,1915,2
PA,786,1542,2
PA,788,1639,1
PA,788,2106,2
PA,791,1400,1
PA,791,1600,1
PA,792,1182,1
PA,809,1714,2
PA,812,1643,1
PA,813,1727,1
PA,816,1390,2
PA,819,868,2
PA,823,1558,1
PA,830,1681,2
PA,833,894,1
PA,837,1636,3
PA,858,1553,2
PA,869,1445,1
PA,869,1661,8
PA,885,965,1
PA,888,1569,1
PA,889,985,4
PA,890,1417,1
PA,892,1419,2
PA,898,1299,1
PA,903,1542,4
PA,908,1445,1
PA,922,1374,1
PA,933,985,1
PA,935,1563,2
PA,965,1440,2
PB1,1006,1125,1
PB1,101,1979,2
PB1,1065,1422,1
PB1,1094,2158,1
PB1,1100,1127,1
PB1,1130,1443,1
PB1,1161,1683,2
PB1,1192,1232,1
PB1,1202,2179,2
PB1,1234,1292,2
PB1,1238,1387,1
PB1,1243,1307,1
PB1,1252,1292,2
PB1,1279,1727,1
PB1,127,1844,1
PB1,1282,1682,2
PB1,1308,1528,1
PB1,1377,1445,1
PB1,137,2151,2
PB1,137,2195,1
PB1,1402,1445,2
PB1,140,2206,8
PB1,146,1928,1
PB1,149,2004,5
PB1,1530,1748,1
PB1,155,1333,1
PB1,1580,2048,2
PB1,164,2221,4
PB1,166,1909,3
PB1,166,2114,2
PB1,168,2136,1
PB1,1700,1818,1
PB1,172,1320,1
PB1,172,1638,1
PB1,173,2084,2
PB1,175,2247,1
PB1,1774,1827,2
PB1,177,2141,3
PB1,178,1958,4
PB1,179,2249,2
PB1,1808,2046,1
PB1,181,2195,2
PB1,185,2130,2
PB1,185,2148,2
PB1,186,235,11
PB1,188,2168,1
PB1,189,2210,2
PB1,190,2099,496
PB1,1912,1962,1
PB1,1915,1965,53
PB1,191,2180,2
PB1,1931,1966,2
PB1,1938,2008,1
PB1,193,2206,2
PB1,194,2067,1
PB1,194,2245,3
PB1,195,2091,1
PB1,195,2149,1
PB1,196,2251,2
PB1,1990,2018,2
PB1,1996,2036,2
PB1,2014,2082,1
PB1,201,1914,2
PB1,202,1489,2
PB1,202,2180,1
PB1,2049,2074,2
PB1,204,1868,3
PB1,204,2136,2
PB1,204,2141,2
PB1,204,865,2
PB1,2053,2076,46
PB1,2065,2183,2
PB1,211,1477,2
PB1,211,2182,10
PB1,212,1976,2
PB1,212,2091,2
PB1,212,2224,2
PB1,2146,2214,1
PB1,214,2109,9
PB1,214,2195,65
PB1,214,2206,36
PB1,2152,2195,2918
PB1,2152,2206,1
PB1,2153,2196,2
PB1,215,2138,2
PB1,216,1018,2
PB1,2173,2247,1
PB1,217,2219,4
PB1,217,791,2
PB1,218,2041,2
PB1,218,2237,3
PB1,2195,2231,11
PB1,219,2178,5
PB1,219,2185,1
PB1,2206,2268,7
PB1,220,2177,1
PB1,221,433,1
PB1,222,2154,2
PB1,224,2255,2
PB1,2250,2292,22
PB1,225,844,2
PB1,2267,2290,2
PB1,227,2155,2
PB1,227,2173,4
PB1,228,2173,12
PB1,229,2004,1
PB1,229,2137,6
PB1,229,2144,1
PB1,229,2154,210
PB1,229,2164,2
PB1,229,2186,1
PB1,230,2083,8
PB1,230,2138,7945
PB1,230,2139,1
PB1,231,2103,11
PB1,231,2179,1
PB1,231,2261,2
PB1,232,2174,2
PB1,233,2144,238
PB1,233,2152,2
PB1,233,2165,1
PB1,233,2179,2
PB1,233,2194,2
PB1,233,2204,2
PB1,233,279,2
PB1,233,307,2
PB1,233,852,10
PB1,234,2174,5
PB1,234,2207,14
PB1,234,274,1
PB1,235,2195,43
PB1,235,2265,1
PB1,236,2142,18
PB1,237,2154,2
PB1,237,2204,1
PB1,238,2205,2
PB1,239,2074,7
PB1,239,2151,13
PB1,239,2177,2
PB1,240,2184,166
PB1,242,2150,21
PB1,242,2256,2
PB1,243,2104,2
PB1,244,978,1
PB1,245,2189,1
PB1,245,856,2
PB1,246,2114,1
PB1,246,2201,3
PB1,247,2171,2
PB1,248,2086,1
PB1,248,2148,4
PB1,248,273,11
PB1,249,2055,2
PB1,249,2135,2
PB1,249,2219,6
PB1,249,289,1
PB1,250,2140,1
PB1,250,2145,2
PB1,252,2214,2
PB1,253,2179,2
PB1,253,2207,2
PB1,253,592,2
PB1,255,2058,2
PB1,255,2098,24
PB1,257,2148,2
PB1,258,2138,6
PB1,258,2140,1
PB1,258,2153,2
PB1,258,2177,2
PB1,258,2195,8
PB1,259,1168,2
PB1,259,1471,1
PB1,260,1741,1
PB1,260,2153,4
PB1,260,2186,2
PB1,260,2230,4
PB1,261,2018,1
PB1,261,2148,2
PB1,262,2139,2
PB1,262,2191,2
PB1,265,2127,9
PB1,266,2181,3
PB1,266,2195,3
PB1,267,2093,2
PB1,267,2217,7
PB1,268,1158,2
PB1,269,2128,2
PB1,269,2136,2
PB1,269,2160,2
PB1,270,2074,10
PB1,270,2080,2
PB1,270,2177,2
PB1,271,2179,2
PB1,272,2090,22
PB1,272,2153,1
PB1,272,2160,5
PB1,272,2201,2
PB1,273,2074,3
PB1,273,2249,2
PB1,274,2074,1
PB1,275,1992,1
PB1,275,2055,2
PB1,275,2144,10
PB1,275,330,4
PB1,280,2142,1
PB1,281,2071,3
PB1,281,2155,585
PB1,282,2088,2
PB1,282,2156,1
PB1,282,2159,1
PB1,283,1919,2
PB1,283,2145,26
PB1,283,2149,2
PB1,284,2203,2
PB1,284,565,1
PB1,285,2033,12
PB1,286,2140,9
PB1,286,2142,8
PB1,286,2148,1
PB1,288,2117,2
PB1,288,2131,214
PB1,289,2144,2
PB1,289,2146,1
PB1,289,2151,23
PB1,289,2153,15
PB1,289,2169,2
PB1,289,2219,2
PB1,290,2231,1
PB1,293,2141,3
PB1,293,2150,2
PB1,295,1747,1
PB1,295,2162,4
PB1,295,409,1
PB1,296,1758,6
PB1,296,2041,1
PB1,296,2073,1
PB1,296,2124,5
PB1,296,2148,2
PB1,296,2178,4
PB1,297,2075,2
PB1,297,2112,2
PB1,297,2133,1
PB1,297,2253,1
PB1,298,2034,1
PB1,298,2150,3604
PB1,298,2153,2
PB1,298,2199,1
PB1,299,2149,1
PB1,299,2187,3
PB1,299,2229,5
PB1,300,1959,2
PB1,300,2117,1
PB1,300,2136,2
PB1,300,2152,2
PB1,300,2203,6
PB1,302,2149,2
PB1,302,2172,2
PB1,303,2087,1
PB1,306,2151,11
PB1,306,2214,1
PB1,307,1890,1
PB1,307,2126,1
PB1,307,2153,5
PB1,307,376,2
PB1,308,2166,2
PB1,308,2190,2
PB1,309,2154,11220
PB1,309,2155,1
PB1,309,2243,1
PB1,309,353,2
PB1,310,2155,31
PB1,310,2162,123
PB1,310,2217,1
PB1,311,1978,1
PB1,311,2059,2
PB1,311,2101,1
PB1,311,2151,2
PB1,311,2163,1
PB1,311,2192,1
PB1,312,2038,1
PB1,312,2110,24
PB1,312,2144,1
PB1,313,1878,1
PB1,313,2044,2
PB1,313,2160,9
PB1,313,2173,2
PB1,314,1806,2
PB1,314,2074,2
PB1,315,2084,1
PB1,315,2129,1
PB1,315,2180,6
PB1,316,2132,1
PB1,316,2143,4
PB1,316,406,1
PB1,317,2062,1
PB1,317,2133,3
PB1,317,2143,4
PB1,317,2184,2
PB1,319,2004,2
PB1,320,2033,1
PB1,320,2096,2
PB1,321,2115,2
PB1,322,1931,2
PB1,322,2016,6
PB1,322,2056,18
PB1,322,2087,2
PB1,322,2139,1
PB1,324,2005,2
PB1,324,2142,4
PB1,324,2153,9
PB1,324,2181,2
PB1,325,2007,1
PB1,326,2136,2
PB1,327,1973,2
PB1,327,2172,1
PB1,327,2213,2
PB1,328,2036,1
PB1,328,2133,2
PB1,329,2015,1
PB1,329,2146,2
PB1,329,2150,2
PB1,331,2151,1
PB1,332,2088,1
PB1,333,2105,1
PB1,334,2090,29
PB1,335,2147,2
PB1,336,1922,2
PB1,336,2128,1
PB1,336,2143,2
PB1,336,2145,2
PB1,337,2041,8
PB1,337,2093,2
PB1,337,2136,3
PB1,337,2141,2
PB1,337,2154,1
PB1,337,2185,1050
PB1,340,2071,1
PB1,341,2061,3
PB1,342,2119,129
PB1,346,2184,1
PB1,347,2004,2
PB1,347,2056,2
PB1,347,2136,2
PB1,347,553,2
PB1,348,2152,18
PB1,348,2286,3
PB1,349,1892,2
PB1,349,2125,2
PB1,351,1885,1
PB1,351,1977,2
PB1,353,2012,1
PB1,353,2031,34
PB1,353,2082,2
PB1,353,2134,3
PB1,353,2151,2
PB1,354,2075,2
PB1,354,2235,2
PB1,355,2089,22
PB1,355,2157,19
PB1,355,2195,9
PB1,356,2053,2
PB1,357,2070,3
PB1,357,2115,2
PB1,358,2100,1
PB1,358,2134,1
PB1,358,2181,2
PB1,359,2086,2
PB1,360,2016,2
PB1,360,2086,2
PB1,360,2114,1
PB1,361,1878,5
PB1,361,2017,2
PB1,361,2114,4
PB1,362,2005,1
PB1,362,2021,18
PB1,362,2121,13
PB1,362,2145,37
PB1,363,2021,2
PB1,363,2038,2
PB1,363,2117,1
PB1,364,2106,1
PB1,367,2008,1
PB1,367,2046,1
PB1,368,2038,8
PB1,369,2012,3
PB1,370,1978,1
PB1,370,2096,1
PB1,371,2016,78
PB1,372,1998,4
PB1,372,2015,5390
PB1,372,2072,45
PB1,372,2075,750
PB1,372,2133,2
PB1,373,2016,5
PB1,373,2040,2
PB1,373,2052,4
PB1,373,2069,2
PB1,373,2076,4
PB1,374,1920,2
PB1,374,1994,2
PB1,374,2037,2
PB1,374,2066,4
PB1,374,2086,5
PB1,375,1911,11
PB1,375,2026,1
PB1,375,2048,1
PB1,375,2065,1
PB1,376,2016,4
PB1,376,2046,4
PB1,376,2117,1
PB1,377,1913,3937
PB1,377,2043,2
PB1,377,2094,12
PB1,378,1914,4
PB1,378,2037,6
PB1,378,2138,2
PB1,379,2037,2
PB1,379,2142,2
PB1,380,1923,6
PB1,383,1941,2
PB1,383,2020,1
PB1,383,2090,4
PB1,383,2123,2
PB1,384,1963,6
PB1,384,2038,1
PB1,384,2056,33
PB1,385,2059,1
PB1,385,2085,2
PB1,386,2007,11
PB1,387,2073,4
PB1,387,2149,4
PB1,388,1984,7
PB1,388,2004,1
PB1,388,2068,3
PB1,389,2028,2
PB1,389,2188,1
PB1,390,2005,10
PB1,390,2067,9
PB1,390,2103,6
PB1,392,2034,1
PB1,392,2053,2
PB1,392,2104,5
PB1,393,2055,2
PB1,393,2069,2
PB1,393,2074,11
PB1,394,2053,2
PB1,395,1176,2
PB1,395,2025,2
PB1,396,2070,2
PB1,397,1977,1
PB1,397,2067,2
PB1,398,2048,2
PB1,398,2051,2
PB1,398,2146,2
PB1,398,2186,2
PB1,400,2116,2
PB1,402,1970,1
PB1,402,2064,2
PB1,403,2011,7
PB1,404,2023,2
PB1,405,1947,9
PB1,405,2003,1
PB1,405,2040,2
PB1,405,2087,6
PB1,405,2159,4
PB1,405,2195,1
PB1,406,2025,1
PB1,406,2030,2
PB1,406,2158,2
PB1,407,2003,8
PB1,407,2073,2
PB1,407,2085,2
PB1,407,2101,1
PB1,409,2017,1
PB1,409,2028,1017
PB1,409,2029,2
PB1,409,2114,79
PB1,410,2021,1
PB1,410,2029,5
PB1,410,2036,1
PB1,411,2033,4
PB1,411,2043,1
PB1,412,1989,5
PB1,412,2059,1
PB1,413,2110,2
PB1,414,2004,2
PB1,414,2036,5
PB1,415,1952,6
PB1,415,1965,2
PB1,415,1966,2
PB1,415,1993,2
PB1,415,2016,3
PB1,415,2064,2
PB1,415,2082,2
PB1,416,1980,1
PB1,416,2016,2
PB1,416,2056,115
PB1,417,1866,1
PB1,417,1956,2
PB1,417,1993,19
PB1,417,2015,1
PB1,417,2028,2
PB1,418,1979,2
PB1,418,2010,2
PB1,418,2086,1
PB1,419,2037,1
PB1,419,2121,1
PB1,421,2074,3
PB1,422,1952,59
PB1,422,2036,2
PB1,423,1953,1
PB1,423,2038,1
PB1,423,2130,6
PB1,423,448,2
PB1,424,2035,2
PB1,424,2065,1
PB1,424,2122,3
PB1,426,1932,1
PB1,426,1992,2
PB1,426,1993,1
PB1,427,1833,1
PB1,427,2019,2
PB1,427,2053,1
PB1,428,1880,1
PB1,428,2026,1
PB1,429,2005,2
PB1,429,2065,5
PB1,430,2062,5
PB1,431,1985,5
PB1,432,2036,3
PB1,432,2060,2
PB1,432,2072,1
PB1,432,2087,136
PB1,432,2120,2
PB1,433,1582,2
PB1,433,1939,3
PB1,433,1972,10
PB1,433,2055,1
PB1,433,2064,1
PB1,433,2074,2
PB1,433,2088,1
PB1,434,2042,45
PB1,435,2043,1
PB1,435,482,30
PB1,436,2004,4
PB1,437,1872,14
PB1,437,1967,1
PB1,437,1990,2
PB1,437,1992,3
PB1,437,2002,1
PB1,437,2021,2
PB1,437,2022,2
PB1,437,2029,2
PB1,437,2037,97
PB1,437,2038,1
PB1,437,2056,3
PB1,437,2065,1
PB1,437,469,6
PB1,438,1940,1
PB1,438,1967,2
PB1,438,1977,2
PB1,438,2002,2
PB1,438,2005,2
PB1,438,2013,2
PB1,439,1969,9
PB1,439,2026,4
PB1,442,1990,2
PB1,442,2073,17
PB1,443,2057,3
PB1,443,2121,2
PB1,444,1968,1
PB1,444,1974,2372
PB1,445,2038,2
PB1,446,1896,2
PB1,446,1993,13
PB1,446,2064,1
PB1,446,2092,1
PB1,447,1715,2
PB1,447,1828,8
PB1,447,1917,1
PB1,447,1998,7
PB1,447,2196,3
PB1,448,2004,2
PB1,448,2023,1
PB1,450,1924,13
PB1,450,1963,1
PB1,450,2022,4
PB1,450,2032,18
PB1,450,2034,1
PB1,451,1967,2
PB1,451,2013,1
PB1,451,2024,2
PB1,456,1922,4
PB1,457,1990,2
PB1,457,1994,3
PB1,458,1933,2
PB1,458,2015,6
PB1,459,1991,1
PB1,459,2062,2
PB1,460,1952,23
PB1,460,1969,15
PB1,460,1998,2
PB1,461,2069,2
PB1,462,1939,8
PB1,462,2023,5
PB1,463,1908,3
PB1,463,2023,2
PB1,464,1914,1
PB1,465,1512,1
PB1,465,1916,4
PB1,465,1939,2
PB1,465,1996,2
PB1,465,2004,3
PB1,465,2020,2
PB1,466,1941,2
PB1,466,1965,2
PB1,466,2004,2
PB1,466,2031,1
PB1,466,2104,10
PB1,467,2041,1
PB1,468,2007,2
PB1,469,1877,1
PB1,469,1966,2
PB1,470,2035,1
PB1,470,2041,2
PB1,471,1968,26
PB1,473,1866,14
PB1,473,1973,3
PB1,477,2021,2
PB1,479,2043,2
PB1,480,1835,1
PB1,480,2019,3
PB1,481,2053,1
PB1,481,2058,2
PB1,482,1977,2
PB1,485,1787,4
PB1,486,1898,2
PB1,488,2005,2
PB1,489,1964,1
PB1,491,1903,298
PB1,491,2082,1
PB1,491,793,2
PB1,494,2133,1
PB1,496,1882,2
PB1,496,1914,12
PB1,496,2278,1
PB1,497,2279,92
PB1,498,1869,1
PB1,498,1894,2
PB1,498,2017,2
PB1,498,2033,11
PB1,498,2137,5
PB1,502,1787,2
PB1,502,1953,3
PB1,502,2027,2
PB1,504,1898,2
PB1,504,1970,8
PB1,504,1987,14
PB1,504,2006,1
PB1,504,2022,1
PB1,504,2093,3
PB1,505,2014,2
PB1,506,2099,2
PB1,508,1968,2
PB1,508,2023,2
PB1,510,1921,2
PB1,510,1923,2
PB1,510,1980,2
PB1,512,2018,2
PB1,514,1930,1
PB1,514,2056,1
PB1,515,1879,11
PB1,515,2054,27
PB1,517,1229,2
PB1,517,1664,1
PB1,518,2004,1
PB1,518,801,3
PB1,520,1796,2
PB1,520,2170,7
PB1,521,1982,1
PB1,524,1715,56
PB1,524,1906,1
PB1,524,1971,2
PB1,527,1981,3
PB1,527,2016,2
PB1,528,1954,3
PB1,528,1972,2
PB1,529,1796,1
PB1,529,1901,21
PB1,529,1916,1
PB1,529,2047,1
PB1,530,1870,2
PB1,530,1901,1
PB1,530,1929,1
PB1,530,1976,1
PB1,530,2047,3
PB1,531,1879,2
PB1,531,1931,1
PB1,531,1959,2
PB1,531,1990,2
PB1,531,1998,5
PB1,532,1821,2
PB1,532,1976,1
PB1,533,2037,1
PB1,534,2072,1
PB1,535,681,4
PB1,540,1608,1
PB1,540,1795,2
PB1,541,1959,1
PB1,548,1853,1
PB1,548,1886,2
PB1,551,1889,1003
PB1,552,1890,4
PB1,554,1898,1
PB1,557,2013,2
PB1,563,2013,1
PB1,565,1881,1
PB1,566,1905,2
PB1,566,606,2
PB1,567,1988,1
PB1,567,2005,2
PB1,568,1854,4
PB1,568,1882,1
PB1,568,1933,54
PB1,568,1984,2
PB1,569,1957,1
PB1,570,1821,2
PB1,570,1935,3
PB1,571,1768,1
PB1,571,1878,1
PB1,571,2012,5
PB1,576,1809,30
PB1,579,1768,1
PB1,582,1946,1
PB1,584,1948,4
PB1,585,1864,1
PB1,586,1931,1
PB1,588,1823,2
PB1,590,2028,77
PB1,592,1904,28
PB1,592,1933,2
PB1,592,634,2
PB1,595,1779,23
PB1,598,662,1
PB1,599,1189,2
PB1,606,1761,20
PB1,608,1763,1
PB1,608,1897,1
PB1,614,1710,3
PB1,614,1825,5
PB1,616,1752,1
PB1,618,1813,2
PB1,618,1830,22
PB1,620,1677,2
PB1,620,1704,2
PB1,620,1957,1
PB1,620,663,4
PB1,621,2064,456
PB1,621,2104,2
PB1,622,1784,2
PB1,622,1795,2
PB1,622,1809,1
PB1,622,2065,2
PB1,623,1894,3
PB1,624,1809,1
PB1,625,1780,1
PB1,626,1818,2
PB1,628,1864,1
PB1,631,2030,2
PB1,632,1871,2
PB1,632,1893,2
PB1,633,1918,2
PB1,636,1833,36
PB1,636,1879,30
PB1,641,1796,1
PB1,642,1714,2
PB1,642,1780,3
PB1,643,1818,1
PB1,643,1870,2
PB1,643,667,3
PB1,644,1811,1
PB1,648,1775,2
PB1,652,1745,2
PB1,652,1878,1
PB1,653,1439,1
PB1,655,1758,1
PB1,657,1818,1
PB1,658,1768,2
PB1,659,1762,362
PB1,661,1817,2
PB1,662,1716,1
PB1,662,1751,1
PB1,663,1810,1
PB1,676,1904,43
PB1,677,1809,1
PB1,677,1832,1
PB1,679,1790,36
PB1,680,1716,1
PB1,682,1988,1
PB1,686,1854,1
PB1,690,1765,2
PB1,692,1822,2
PB1,693,1821,29
PB1,695,1780,1
PB1,697,1732,1
PB1,697,1756,1
PB1,698,1785,1
PB1,699,1811,1
PB1,699,1885,2
PB1,700,1768,2
PB1,701,1762,1
PB1,702,1701,1
PB1,702,1816,1
PB1,703,1754,1
PB1,703,1955,1
PB1,704,1822,2
PB1,708,1736,1
PB1,712,1718,6
PB1,713,1634,1
PB1,713,1958,1
PB1,718,1454,2
PB1,725,1796,2
PB1,728,1721,1
PB1,731,796,1
PB1,735,1820,1
PB1,736,1714,2
PB1,736,1807,1
PB1,743,1839,2
PB1,745,1609,2
PB1,745,1679,1
PB1,745,1686,1
PB1,748,1725,2
PB1,756,1714,2
PB1,756,1775,2
PB1,768,1770,1
PB1,769,1768,1
PB1,777,1725,112
PB1,783,1707,2
PB1,796,1711,4
PB1,806,1564,3
PB1,820,1752,2
PB1,823,1578,2
PB1,826,1583,2
PB1,828,1491,2
PB1,828,1518,1
PB1,828,1602,2
PB1,828,1637,1
PB1,830,1780,1
PB1,831,1568,2
PB1,842,1855,2
PB1,842,897,2
PB1,853,2213,2
PB1,858,1594,1
PB1,861,934,2
PB1,86,1458,1
PB1,881,1559,1
PB1,883,1734,4
PB1,891,1669,1
PB1,893,1666,1
PB1,894,1819,1
PB1,896,1535,2
PB1,938,2170,76
PB1,943,1679,2
PB1,948,1262,30
PB1,949,1605,2
PB1,951,1468,2
PB1,956,1517,1
PB1,971,1155,8
PB1,979,1019,1
PB1,982,1155,3
PB1,983,1152,3
PB1,985,1455,3
PB1,986,1453,2
PB2,1012,1375,1
PB2,1024,1256,1
PB2,1036,1138,2
PB2,1039,1191,1
PB2,1041,1410,2
PB2,1098,1512,5
PB2,1151,1365,1
PB2,1173,2119,3
PB2,1201,1248,1
PB2,1224,2161,2
PB2,1233,1263,2
PB2,1248,1510,2
PB2,1253,1512,2
PB2,1259,1513,4
PB2,127,2123,2
PB2,1292,1572,1
PB2,1315,1683,1
PB2,1323,1691,2
PB2,134,1248,2
PB2,134,1401,1
PB2,1373,1433,2
PB2,137,2029,1
PB2,1427,1453,2
PB2,1428,2247,1
PB2,1430,2248,5
PB2,1430,2249,256
PB2,1430,2250,5
PB2,1432,2003,2
PB2,1476,1562,22
PB2,1479,1634,2
PB2,147,1826,1
PB2,1480,1527,2
PB2,1482,1521,1
PB2,148,180,1
PB2,148,2202,2
PB2,1491,1520,2
PB2,1531,1576,1
PB2,154,1871,2
PB2,154,2121,20
PB2,154,2173,2
PB2,157,984,2
PB2,1587,1636,1
PB2,159,2102,1
PB2,162,2122,2
PB2,162,2135,2
PB2,163,2155,4
PB2,164,2069,2
PB2,164,2186,1
PB2,167,1222,2
PB2,167,2105,2
PB2,1700,1871,2
PB2,1707,2164,2
PB2,170,2025,2
PB2,172,2202,2
PB2,1737,1781,1
PB2,174,2157,5
PB2,1750,1824,1
PB2,175,2180,4
PB2,1762,1906,1
PB2,1769,2270,1
PB2,177,2234,1
PB2,178,2068,2
PB2,178,2228,2
PB2,178,301,6
PB2,179,2049,1
PB2,179,2152,2
PB2,1826,1870,1
PB2,1826,1937,1
PB2,183,1558,1
PB2,183,2232,1
PB2,185,1898,2
PB2,185,2154,2
PB2,185,2191,2
PB2,186,2044,2
PB2,186,2069,2
PB2,187,2065,19
PB2,187,2127,2
PB2,1887,2206,1
PB2,1913,1981,2
PB2,191,2140,1
PB2,192,2070,1
PB2,192,2164,3
PB2,192,2176,2
PB2,192,2204,4
PB2,193,2085,2
PB2,194,2162,2
PB2,195,2070,2
PB2,195,2212,1
PB2,1964,2089,2
PB2,199,2163,8
PB2,199,2166,2
PB2,200,2120,2
PB2,200,2204,1
PB2,201,2149,2
PB2,202,2195,2
PB2,203,409,1
PB2,204,2222,3
PB2,205,292,2
PB2,206,1984,2
PB2,206,2154,6806
PB2,207,2130,2
PB2,207,2149,1
PB2,207,2231,3
PB2,208,2135,2
PB2,208,2150,9561
PB2,208,2152,4
PB2,209,2151,24
PB2,209,2157,4
PB2,2107,2148,1
PB2,210,280,32
PB2,2120,2234,1
PB2,212,2111,2
PB2,212,2118,13
PB2,212,2223,15
PB2,215,1998,10
PB2,216,2035,1
PB2,216,2085,18
PB2,216,2098,4
PB2,216,2135,2
PB2,216,2166,19
PB2,216,2170,6
PB2,216,2182,20
PB2,216,2187,2
PB2,216,2220,2
PB2,216,2224,1
PB2,217,2086,1
PB2,217,2206,2
PB2,217,287,78
PB2,219,2195,2
PB2,2208,2244,5
PB2,220,2191,6
PB2,2211,2247,5183
PB2,2212,2248,24
PB2,221,2212,2
PB2,222,2088,2
PB2,222,2186,1
PB2,224,2147,2
PB2,225,2216,4
PB2,226,2113,2
PB2,226,2182,3
PB2,227,2079,2
PB2,227,2253,2
PB2,228,2182,2
PB2,228,2200,19
PB2,229,2134,8
PB2,229,2166,6
PB2,231,2118,33
PB2,231,2195,6
PB2,231,2201,2
PB2,232,1196,2
PB2,232,2150,3
PB2,232,2152,2
PB2,234,2176,1
PB2,234,2198,4
PB2,235,2135,47
PB2,237,1669,1
PB2,237,2135,2
PB2,238,2140,6
PB2,238,2213,2
PB2,239,2134,1
PB2,239,2166,1
PB2,240,2160,2
PB2,241,2102,12
PB2,241,2166,4
PB2,241,2180,2
PB2,242,1694,1
PB2,242,2190,2
PB2,242,2203,2
PB2,242,2236,2
PB2,242,266,2
PB2,243,2165,4
PB2,243,2210,2
PB2,243,382,1
PB2,244,2108,2
PB2,244,2183,2
PB2,244,2192,2
PB2,244,2237,6
PB2,245,2183,5
PB2,245,2222,2
PB2,246,2087,2
PB2,246,2119,2
PB2,246,2146,6
PB2,246,2152,2
PB2,246,2153,97
PB2,246,418,2
PB2,248,2099,1
PB2,248,2166,2
PB2,248,2180,5
PB2,249,2190,2
PB2,250,2094,214
PB2,250,2166,10
PB2,251,2067,1
PB2,251,2234,2
PB2,252,2160,4
PB2,252,2222,2
PB2,253,2209,7
PB2,253,2228,4
PB2,254,2182,2
PB2,256,2138,29
PB2,256,2190,2
PB2,257,2108,1
PB2,257,2128,2
PB2,257,2134,6
PB2,258,2182,2
PB2,260,2114,1
PB2,260,2180,2
PB2,260,2191,2
PB2,262,2037,1
PB2,262,2137,2
PB2,262,2243,3
PB2,262,306,1
PB2,263,2026,2
PB2,263,2131,1
PB2,263,2138,4
PB2,263,2180,1
PB2,263,2181,5
PB2,263,2183,12
PB2,263,2192,2
PB2,263,2216,2
PB2,264,2120,2
PB2,264,2211,1
PB2,265,2148,2
PB2,265,302,6
PB2,266,1963,3
PB2,266,2061,1
PB2,266,2097,1
PB2,266,2161,3
PB2,266,2170,2
PB2,267,2098,91
PB2,267,2150,2
PB2,267,2181,95
PB2,267,2197,2
PB2,267,2211,4
PB2,267,2222,1
PB2,268,2068,2
PB2,268,2108,1
PB2,268,2126,36
PB2,268,2134,2
PB2,268,2172,2
PB2,268,2241,176
PB2,270,2186,2
PB2,270,861,1
PB2,272,2239,2
PB2,273,2220,825
PB2,273,2221,2
PB2,274,2128,2
PB2,274,2176,2
PB2,274,2182,2
PB2,275,2092,3
PB2,275,2108,2
PB2,275,2181,4
PB2,277,2015,820
PB2,277,2149,2
PB2,278,2016,1
PB2,278,2147,2
PB2,279,2134,2
PB2,279,2152,189
PB2,279,2185,2
PB2,281,2150,12
PB2,281,2160,1
PB2,282,2184,1
PB2,283,2102,225
PB2,283,2223,2
PB2,284,2122,2
PB2,284,2139,2
PB2,285,2127,1
PB2,285,2149,1
PB2,286,2138,2
PB2,286,2167,1
PB2,287,2010,2
PB2,287,2061,2
PB2,288,2110,2
PB2,288,2229,2
PB2,289,2127,2
PB2,289,2129,1
PB2,289,2135,2
PB2,290,2039,1
PB2,290,2132,1
PB2,290,2165,1
PB2,290,2168,2
PB2,290,2184,4
PB2,290,2246,2
PB2,291,2084,3
PB2,291,2109,2
PB2,291,2121,2
PB2,291,2128,61
PB2,291,2153,6
PB2,292,2024,1109
PB2,292,2074,2
PB2,292,2137,2
PB2,292,2158,2
PB2,294,2093,3
PB2,296,2126,2
PB2,297,2036,2
PB2,299,2147,1
PB2,302,2062,2
PB2,303,348,1
PB2,306,2054,1
PB2,306,2066,4
PB2,306,2228,1
PB2,307,2101,1
PB2,307,2112,3
PB2,307,2132,1
PB2,308,2015,32
PB2,309,2069,2545
PB2,309,2135,1
PB2,310,2070,3
PB2,311,2000,1
PB2,311,2057,18
PB2,311,2094,2
PB2,312,1975,13
PB2,312,2048,1
PB2,312,2099,2
PB2,312,2101,2
PB2,312,2145,3
PB2,312,2180,2
PB2,312,2181,2
PB2,313,2008,2
PB2,313,2051,1
PB2,313,2065,1
PB2,314,2050,3
PB2,314,2053,4
PB2,314,2072,2
PB2,314,2095,2
PB2,314,2119,2
PB2,316,2123,2
PB2,317,2122,1
PB2,317,2152,2
PB2,317,2156,6
PB2,318,2114,2
PB2,319,2047,2
PB2,319,2085,5
PB2,320,1969,33
PB2,321,2023,2
PB2,321,2070,1
PB2,321,2079,2
PB2,321,2083,2
PB2,322,2152,1
PB2,323,1982,72
PB2,323,2011,1
PB2,323,2025,6
PB2,323,2047,1
PB2,325,2025,1
PB2,325,2092,1
PB2,326,2170,2
PB2,328,2117,1
PB2,328,2135,2
PB2,329,2146,2
PB2,329,2168,2
PB2,329,2181,3
PB2,329,2216,2
PB2,330,2036,14
PB2,331,2039,2
PB2,331,2050,1
PB2,331,2118,1
PB2,331,2126,2
PB2,332,2121,1
PB2,332,2144,1
PB2,332,2167,2
PB2,332,2223,2
PB2,333,1974,1
PB2,334,1994,2
PB2,334,2078,1
PB2,334,2148,2
PB2,334,2251,2
PB2,335,2255,2
PB2,336,2058,7
PB2,336,2110,2
PB2,337,2172,2
PB2,337,2173,2
PB2,337,2201,3
PB2,338,2108,13
PB2,340,2017,2
PB2,340,2117,2
PB2,340,2138,2
PB2,341,2099,2
PB2,341,2142,609
PB2,342,2038,2
PB2,342,2165,2
PB2,343,1958,1
PB2,343,1975,1
PB2,343,2023,2
PB2,343,2042,2
PB2,343,2074,1
PB2,343,2075,1
PB2,343,2078,1
PB2,343,2086,2
PB2,343,2146,2
PB2,343,2166,1
PB2,344,2036,2
PB2,344,2046,1
PB2,344,2149,1
PB2,345,2137,1
PB2,346,2134,1
PB2,348,2070,17
PB2,348,2091,45
PB2,348,2116,5
PB2,349,2035,2
PB2,349,2050,2
PB2,349,2078,2
PB2,34,1119,1
PB2,350,2185,1
PB2,354,1268,1
PB2,354,2086,6
PB2,354,2110,1
PB2,355,1999,1
PB2,356,2075,2
PB2,356,2152,2
PB2,357,2010,2
PB2,357,2039,1
PB2,357,2260,2
PB2,358,2016,2
PB2,358,2038,1
PB2,358,2042,2
PB2,358,2187,2
PB2,359,2048,2
PB2,361,2015,1
PB2,362,610,2
PB2,363,2015,11
PB2,367,1998,1
PB2,367,2219,1
PB2,368,2010,2
PB2,368,2019,2
PB2,368,2056,2
PB2,368,2192,2
PB2,369,2016,2
PB2,369,2070,1
PB2,369,2078,5
PB2,370,1517,2
PB2,371,2031,1
PB2,372,1960,2
PB2,372,1994,1
PB2,372,2083,2
PB2,373,1247,1
PB2,374,2081,3
PB2,376,1984,13
PB2,376,2228,2
PB2,377,2035,5
PB2,377,2076,2
PB2,379,2085,2
PB2,380,1520,1
PB2,380,2198,1
PB2,381,2049,2
PB2,382,2085,3
PB2,383,2105,2
PB2,383,894,1
PB2,385,1998,2
PB2,386,2018,2
PB2,386,2115,1
PB2,386,2161,5
PB2,387,2026,2
PB2,387,2061,2
PB2,387,745,2
PB2,388,2036,2
PB2,389,1308,1
PB2,389,1956,122
PB2,389,2015,1
PB2,389,2036,1
PB2,389,2037,2
PB2,389,2039,2
PB2,389,2060,5
PB2,389,2064,5
PB2,389,2071,2
PB2,389,2086,1
PB2,389,2098,2
PB2,389,2180,2
PB2,389,2211,2
PB2,390,2001,3
PB2,390,2003,5
PB2,390,2058,1
PB2,390,2107,12
PB2,391,1248,2
PB2,391,2014,2
PB2,391,661,2
PB2,393,2015,1
PB2,393,2046,2
PB2,396,1486,1
PB2,398,531,1
PB2,401,2092,2
PB2,406,2024,2
PB2,407,1847,2
PB2,407,2035,2
PB2,408,1869,1
PB2,408,2010,6
PB2,408,2024,2
PB2,408,2037,1
PB2,408,2103,15
PB2,410,1875,1
PB2,410,2000,1
PB2,415,1956,5
PB2,415,2093,2
PB2,416,2058,4
PB2,417,483,2
PB2,420,1821,2
PB2,420,1958,2
PB2,422,2003,1
PB2,423,2023,4
PB2,423,2037,2
PB2,424,2002,2
PB2,424,2061,11
PB2,424,2065,1
PB2,425,1837,1
PB2,425,1987,1
PB2,425,2077,2
PB2,427,2007,3
PB2,428,1964,2
PB2,431,1998,1
PB2,433,2037,2
PB2,435,1809,2
PB2,436,1259,2
PB2,437,1955,1
PB2,437,2039,1
PB2,437,2049,2
PB2,437,2180,1
PB2,438,1767,1
PB2,438,1982,2
PB2,438,1983,2
PB2,438,2009,2
PB2,438,2023,2
PB2,438,2036,1
PB2,438,2039,1
PB2,438,2047,5
PB2,438,2049,1
PB2,440,1876,2
PB2,440,1893,1
PB2,440,2000,2
PB2,441,1940,4
PB2,442,1973,1
PB2,443,1942,1481
PB2,443,2060,2
PB2,443,483,2
PB2,445,1944,3
PB2,446,2039,1
PB2,448,2036,1
PB2,448,511,2
PB2,449,1950,1
PB2,449,2144,7
PB2,450,2241,2
PB2,451,2016,1
PB2,452,1954,57
PB2,452,1998,1
PB2,452,2018,2
PB2,452,2053,2
PB2,452,2067,1
PB2,453,1957,1
PB2,453,1983,1
PB2,453,2010,2
PB2,453,2016,1
PB2,453,2035,1
PB2,453,2084,2
PB2,454,1876,1
PB2,454,1971,1
PB2,454,1986,2
PB2,454,2011,2
PB2,454,2016,1
PB2,454,2018,2
PB2,454,2036,4
PB2,455,1833,1
PB2,455,1900,1
PB2,455,1942,2
PB2,455,1960,2
PB2,455,1979,3
PB2,455,2015,2
PB2,455,2017,1
PB2,455,2023,3
PB2,455,2046,1
PB2,455,2049,1
PB2,455,2090,1
PB2,455,2144,1
PB2,455,2166,4
PB2,456,1937,3
PB2,456,2026,2
PB2,456,2045,2
PB2,456,2120,2
PB2,457,1968,2
PB2,457,2007,21
PB2,457,2010,11
PB2,460,1954,1
PB2,461,1943,1
PB2,461,1993,4
PB2,462,1914,1
PB2,462,2075,2
PB2,466,1957,1
PB2,467,1956,1
PB2,467,1980,2
PB2,467,2017,1
PB2,467,560,4
PB2,468,1877,60
PB2,469,2018,1
PB2,470,1884,1
PB2,470,1932,1
PB2,471,1866,3
PB2,471,1890,2
PB2,472,1124,2
PB2,474,1910,1
PB2,475,1861,6
PB2,476,2060,2
PB2,477,1893,1
PB2,477,1958,8
PB2,478,1959,1
PB2,479,1911,2
PB2,479,527,2
PB2,480,2012,7
PB2,482,1474,2
PB2,484,2014,1
PB2,486,1714,1
PB2,486,533,1
PB2,488,2023,1
PB2,489,1720,1
PB2,490,1873,2
PB2,490,1947,1
PB2,491,1909,13
PB2,491,2034,2
PB2,493,1933,25
PB2,494,868,1
PB2,495,1978,1
PB2,496,2038,1
PB2,497,1908,2
PB2,499,2140,2
PB2,500,2019,152
PB2,501,1980,2
PB2,502,1547,2
PB2,504,2004,2
PB2,505,2038,2
PB2,506,1608,2
PB2,506,1748,2
PB2,506,1924,3
PB2,507,1866,61
PB2,507,1911,2
PB2,507,1985,1
PB2,508,1875,1
PB2,508,2044,2
PB2,509,1808,11
PB2,509,1916,2
PB2,510,1744,2
PB2,510,1829,3
PB2,510,2000,1
PB2,510,2122,2
PB2,510,634,2
PB2,511,1830,416
PB2,511,1848,1
PB2,511,1899,2
PB2,512,1831,1
PB2,513,1952,1
PB2,513,2018,2
PB2,515,1883,2
PB2,515,1898,2
PB2,515,1908,4
PB2,515,1920,2
PB2,516,1866,156
PB2,516,1872,1
PB2,516,1890,7
PB2,516,1918,11
PB2,516,1951,2
PB2,516,2151,2
PB2,517,1912,1
PB2,518,1822,42
PB2,519,1868,1
PB2,521,1942,2
PB2,522,1910,2
PB2,526,1830,1
PB2,528,1871,2
PB2,528,1926,1
PB2,534,2028,1
PB2,537,1782,107
PB2,538,1783,1
PB2,538,1993,1
PB2,539,562,2
PB2,540,1794,1
PB2,540,1924,1
PB2,541,1903,2
PB2,541,1926,9
PB2,542,1944,2
PB2,543,1889,1
PB2,550,1853,1
PB2,550,1858,2
PB2,551,1789,1
PB2,551,1876,2
PB2,552,1926,1
PB2,553,1933,1
PB2,553,1942,1
PB2,554,1833,3
PB2,555,1810,2
PB2,555,1905,2
PB2,558,1837,57
PB2,559,1858,5
PB2,560,1999,2
PB2,561,1827,1
PB2,561,1840,1
PB2,561,1872,2
PB2,562,1867,4
PB2,563,1877,46
PB2,563,1882,2
PB2,563,1890,1
PB2,565,1847,2
PB2,565,1944,19
PB2,567,1872,2
PB2,568,1833,2
PB2,568,1864,32
PB2,569,1876,1
PB2,56,2025,1
PB2,571,1743,1
PB2,571,1830,2
PB2,571,1876,1
PB2,574,1892,1
PB2,575,1894,1
PB2,576,1731,2
PB2,576,1894,2
PB2,576,631,2
PB2,577,1824,1
PB2,579,1873,9
PB2,581,1850,2
PB2,582,1856,2
PB2,582,1865,8
PB2,582,1966,2
PB2,583,1778,11
PB2,583,1841,4
PB2,584,1848,150
PB2,585,1928,1
PB2,588,1889,38
PB2,588,622,1
PB2,593,2012,1
PB2,595,1731,1
PB2,595,1776,2
PB2,595,1978,1
PB2,598,2009,1
PB2,600,1751,2
PB2,600,1906,2
PB2,601,1828,2
PB2,604,648,1
PB2,608,1743,3
PB2,609,1871,4
PB2,610,1858,1
PB2,611,1750,3
PB2,611,1821,2
PB2,613,1712,4
PB2,613,703,1
PB2,622,1789,1
PB2,622,1901,2
PB2,626,1925,1
PB2,626,1982,1
PB2,632,1727,1
PB2,634,1703,1
PB2,640,1921,6
PB2,645,1823,2
PB2,647,1805,1
PB2,647,1810,2
PB2,650,1871,5
PB2,652,1858,2
PB2,652,1951,2
PB2,656,1885,1
PB2,657,1696,1
PB2,657,1847,2
PB2,660,931,1
PB2,666,878,2
PB2,667,1944,1
PB2,669,1600,2
PB2,676,1761,1
PB2,676,897,1
PB2,680,1732,1
PB2,681,1824,1
PB2,687,1830,350
PB2,688,1885,1
PB2,689,1766,1
PB2,691,2080,2
PB2,692,725,1
PB2,693,1974,26
PB2,694,1769,2
PB2,695,726,2
PB2,697,894,3
PB2,701,882,1
PB2,702,1258,2
PB2,703,882,2
PB2,703,891,3
PB2,706,1875,1
PB2,707,793,2
PB2,707,833,2
PB2,707,884,1
PB2,709,1704,6
PB2,710,2169,2
PB2,712,1657,2
PB2,713,1774,2
PB2,714,742,1
PB2,716,897,4
PB2,719,1821,1
PB2,721,1713,1
PB2,721,1731,1
PB2,723,1763,1
PB2,724,2119,2
PB2,728,1693,2
PB2,728,1753,2
PB2,732,762,2
PB2,734,760,1
PB2,739,1592,1
PB2,741,1783,34
PB2,744,2059,3
PB2,748,1934,2
PB2,751,1660,2
PB2,755,1618,1
PB2,762,1722,1
PB2,762,805,1
PB2,766,1698,2
PB2,770,1697,1
PB2,777,1830,3
PB2,782,1605,2
PB2,782,836,2
PB2,784,1678,2
PB2,788,2186,2
PB2,789,2187,1446
PB2,790,2188,1
PB2,795,1673,2
PB2,795,1685,1
PB2,797,1661,2
PB2,797,1851,1
PB2,802,1538,2
PB2,808,1233,1
PB2,808,1827,2
PB2,809,1568,9
PB2,816,2199,2
PB2,817,1670,2
PB2,821,1598,2
PB2,821,1602,2
PB2,832,1118,1
PB2,832,1698,2
PB2,839,1292,1
PB2,843,1780,2
PB2,847,1534,1
PB2,847,1635,1
PB2,847,1692,8
PB2,852,885,3
PB2,853,1548,2
PB2,861,2145,1
PB2,874,943,1
PB2,875,939,1
PB2,877,1500,1
PB2,888,1798,1
PB2,889,1518,1
PB2,893,1592,2
PB2,902,1547,1
PB2,917,1500,1
PB2,953,1031,1
PB2,996,1212,1
PB2,997,1040,1
